Weight,Size,Sweetness,Acidity,Fruit
196.6,8.5,11.4,6.5,Orange
160.0,9.8,16.0,3.4,Mango
152.1,11.9,19.0,3.6,Mango
142.8,7.6,11.1,7.3,Orange
156.2,7.6,10.3,6.9,Apple
188.2,11.9,16.8,5.6,Mango
4.4,1.0,19.7,3.1,Grape
102.2,3.1,24.8,3.3,Banana
164.7,7.1,12.6,6.8,Orange
151.8,8.0,11.2,6.6,Orange
121.0,4.4,26.3,3.8,Banana
133.2,7.7,10.6,6.8,Orange
4.8,2.0,18.0,2.6,Grape
5.4,1.1,19.9,3.5,Grape
150.5,7.0,9.8,8.1,Orange
227.1,8.3,16.2,3.3,Mango
161.2,7.5,10.4,4.9,Apple
5.2,1.6,19.4,2.9,Grape
5.9,1.8,18.6,2.5,Grape
202.3,9.7,14.2,3.3,Mango
145.7,7.8,15.4,4.7,Apple
4.6,1.2,19.7,3.2,Grape
166.1,11.7,18.8,4.9,Mango
186.3,7.4,12.6,7.6,Orange
94.9,3.5,26.3,2.8,Banana
192.7,11.3,19.2,3.0,Mango
191.7,8.9,14.7,4.0,Mango
182.3,10.1,18.2,4.1,Mango
142.7,7.4,14.2,6.1,Apple
3.9,1.0,18.0,3.0,Grape
4.0,1.6,18.4,3.1,Grape
129.4,3.4,24.7,4.3,Banana
174.2,11.2,16.8,6.0,Mango
231.6,11.2,14.9,4.5,Mango
5.6,1.3,16.1,3.4,Grape
184.9,8.4,19.6,4.2,Mango
123.5,4.0,25.1,2.6,Banana
100.3,4.0,25.7,3.7,Banana
148.3,9.0,12.9,7.7,Orange
168.9,9.1,18.2,5.5,Mango
192.1,8.6,11.6,6.3,Orange
192.9,8.2,9.0,6.3,Orange
247.4,9.1,15.8,4.5,Mango
215.2,8.9,18.3,3.7,Mango
3.5,1.4,18.7,3.4,Grape
157.1,7.8,13.8,4.8,Apple
4.5,1.9,17.2,2.7,Grape
158.8,7.7,11.2,6.2,Apple
207.2,11.1,14.3,6.0,Mango
3.8,1.9,18.7,3.9,Grape
4.3,2.0,19.8,3.7,Grape
4.2,1.9,16.6,2.3,Grape
149.7,8.3,15.6,4.2,Apple
114.6,4.5,21.0,3.6,Banana
102.9,4.3,21.0,4.1,Banana
3.9,1.4,16.3,3.2,Grape
165.8,8.0,12.2,7.9,Orange
192.1,7.1,11.3,7.3,Orange
196.6,10.2,15.7,4.8,Mango
131.9,8.2,12.2,4.4,Apple
171.4,7.4,15.8,5.4,Apple
3.6,1.4,18.5,2.3,Grape
5.9,1.7,15.2,2.8,Grape
193.9,8.3,14.2,5.9,Mango
164.4,7.1,15.5,5.3,Apple
163.0,7.4,15.7,6.2,Apple
4.8,1.4,16.2,2.7,Grape
3.4,1.3,15.5,2.2,Grape
142.3,7.0,12.1,8.4,Orange
142.1,7.9,10.6,7.8,Orange
5.7,1.3,15.1,3.9,Grape
157.0,8.0,13.7,6.8,Apple
91.1,3.9,26.6,3.7,Banana
112.9,3.2,25.7,4.5,Banana
157.0,8.9,12.6,6.6,Orange
3.6,1.4,15.2,3.2,Grape
162.8,7.6,14.1,5.0,Apple
178.2,8.5,18.2,4.9,Mango
3.1,1.4,19.8,3.1,Grape
5.3,1.8,20.0,2.8,Grape
100.0,3.9,26.1,3.7,Banana
160.0,8.5,12.0,6.3,Orange
156.7,7.7,12.3,4.9,Apple
188.9,8.0,19.4,3.3,Mango
196.5,8.9,11.3,7.9,Orange
3.3,1.6,17.8,2.4,Grape
5.4,1.8,15.5,3.0,Grape
107.7,4.3,22.5,2.4,Banana
178.2,8.7,12.5,8.5,Orange
3.7,1.4,19.5,2.3,Grape
3.3,2.0,16.9,2.7,Grape
146.6,8.8,11.4,7.1,Orange
135.8,8.6,11.2,7.3,Orange
103.2,3.7,21.8,3.2,Banana
119.6,4.2,25.8,4.2,Banana
208.3,11.8,16.2,3.9,Mango
141.2,8.4,10.1,6.9,Apple
4.0,1.0,19.6,3.8,Grape
168.8,8.9,11.1,7.9,Orange
161.4,7.9,15.4,4.1,Apple
197.1,7.1,10.6,6.3,Orange
3.8,1.2,17.3,2.7,Grape
100.6,3.5,21.8,3.4,Banana
144.0,7.6,13.6,4.8,Apple
5.7,1.8,19.7,3.5,Grape
150.9,8.4,15.2,4.1,Apple
168.9,7.7,15.9,5.1,Apple
105.2,4.5,25.9,4.5,Banana
91.5,3.2,20.1,2.2,Banana
186.9,9.0,13.0,7.7,Orange
5.2,1.8,16.9,2.5,Grape
136.5,8.4,13.6,4.7,Apple
167.8,7.1,11.6,4.1,Apple
110.8,4.2,23.6,4.6,Banana
169.3,8.8,10.6,6.4,Orange
4.9,1.7,16.1,2.3,Grape
198.6,8.2,11.5,7.7,Orange
240.4,9.4,17.1,5.4,Mango
150.9,8.0,11.8,8.4,Orange
127.1,3.7,21.8,3.4,Banana
114.8,3.5,21.5,3.7,Banana
157.6,8.5,14.8,3.5,Mango
142.7,7.7,12.6,7.4,Orange
5.9,1.6,16.1,3.6,Grape
101.1,3.3,20.6,2.4,Banana
147.8,8.3,10.8,5.0,Apple
153.9,11.2,17.8,3.2,Mango
242.1,8.2,15.7,5.4,Mango
159.9,8.5,13.2,6.8,Apple
120.4,3.8,25.0,2.2,Banana
175.2,10.9,19.4,4.5,Mango
137.5,7.9,11.1,6.7,Orange
166.9,7.3,13.4,6.5,Apple
111.4,3.3,22.4,3.4,Banana
121.6,3.7,20.6,3.6,Banana
112.3,3.9,24.0,3.1,Banana
4.1,1.6,17.9,2.7,Grape
4.0,1.9,15.0,2.5,Grape
189.6,7.2,12.2,6.2,Orange
134.0,7.8,12.5,6.9,Apple
113.0,4.4,20.0,4.9,Banana
232.1,10.9,17.2,4.4,Mango
5.3,1.2,16.6,2.9,Grape
166.8,7.8,14.2,6.3,Apple
4.5,1.9,16.6,3.2,Grape
108.2,3.8,23.8,2.6,Banana
93.5,3.2,20.0,2.4,Banana
184.9,11.7,19.0,5.9,Mango
5.2,1.9,15.9,2.1,Grape
188.9,7.3,12.2,6.6,Orange
166.4,11.3,18.0,4.6,Mango
152.1,8.2,11.7,7.4,Orange
212.4,10.2,16.6,4.7,Mango
175.0,7.6,13.3,6.7,Apple
204.3,9.7,16.0,5.2,Mango
95.6,4.2,24.3,3.6,Banana
228.9,8.6,15.9,3.7,Mango
131.7,7.9,14.6,6.6,Apple
135.1,7.8,12.3,5.4,Apple
157.8,8.6,9.6,6.7,Orange
184.0,7.0,11.4,7.7,Orange
100.1,3.5,21.3,4.7,Banana
127.9,3.2,24.1,3.5,Banana
142.8,8.1,13.6,4.3,Apple
185.3,7.0,11.6,8.3,Orange
92.8,3.1,20.7,4.5,Banana
195.1,8.5,19.9,5.5,Mango
146.6,7.5,11.4,5.8,Apple
167.2,7.3,14.7,5.8,Apple
189.8,10.1,19.5,4.0,Mango
109.2,4.4,24.1,2.1,Banana
164.1,8.7,17.0,4.3,Mango
148.1,7.9,13.8,4.0,Apple
4.5,2.0,17.3,3.1,Grape
167.5,7.4,10.2,6.9,Orange
171.0,11.6,15.2,3.6,Mango
4.1,1.8,17.9,2.6,Grape
195.3,10.1,16.6,4.2,Mango
165.5,8.7,19.2,5.8,Mango
100.8,4.0,22.9,2.1,Banana
188.8,8.7,10.6,7.7,Orange
173.1,10.7,14.1,3.3,Mango
3.5,1.7,16.2,2.2,Grape
246.3,11.8,14.8,4.2,Mango
90.5,3.1,21.5,2.1,Banana
5.6,1.6,18.5,3.8,Grape
4.0,1.3,16.9,3.2,Grape
188.1,7.7,12.1,7.1,Orange
3.9,1.9,18.8,2.3,Grape
112.6,4.5,23.3,2.5,Banana
90.9,3.4,23.8,3.9,Banana
137.0,8.3,15.9,5.6,Apple
5.1,1.7,19.1,3.1,Grape
113.1,3.4,23.9,4.0,Banana
118.8,3.2,21.0,2.8,Banana
209.7,10.4,18.0,3.5,Mango
5.5,1.4,18.9,2.8,Grape
96.7,4.1,20.6,3.8,Banana
92.7,4.3,23.1,4.7,Banana
179.7,10.3,16.9,5.0,Mango
4.5,1.3,17.7,2.3,Grape
133.6,8.0,11.4,7.0,Orange
109.0,3.5,22.5,3.2,Banana
5.1,1.4,16.2,3.6,Grape
3.0,2.0,15.0,2.2,Grape
3.3,1.9,15.7,3.9,Grape
139.3,7.8,15.2,6.2,Apple
5.3,1.7,18.2,4.0,Grape
109.6,3.3,26.9,4.8,Banana
113.5,4.5,23.9,3.4,Banana
5.2,1.2,15.6,2.8,Grape
4.4,1.9,19.2,2.6,Grape
115.8,4.0,22.6,3.7,Banana
3.2,1.7,16.7,3.4,Grape
170.1,8.6,11.2,8.0,Orange
4.9,1.9,18.1,2.5,Grape
237.0,8.1,19.2,4.6,Mango
157.0,8.0,14.3,3.3,Mango
4.4,1.6,16.4,2.8,Grape
146.8,7.8,14.4,4.0,Apple
4.1,1.3,16.5,2.5,Grape
143.9,8.4,10.3,4.3,Apple
164.0,7.3,15.7,6.4,Apple
208.9,11.9,19.3,4.8,Mango
6.0,1.7,15.3,2.8,Grape
4.9,1.6,17.6,2.5,Grape
105.4,3.1,26.7,4.5,Banana
3.2,2.0,19.4,3.9,Grape
111.0,3.4,23.6,3.5,Banana
137.7,8.2,11.3,4.7,Apple
159.6,7.9,10.5,6.6,Apple
177.3,9.9,14.3,5.6,Mango
122.4,4.0,23.9,2.3,Banana
156.1,7.5,11.9,7.5,Orange
3.7,1.7,15.4,3.7,Grape
4.4,1.6,19.1,2.7,Grape
111.8,4.3,25.1,3.6,Banana
189.5,8.7,11.8,8.5,Orange
176.5,7.2,14.2,4.6,Apple
5.6,1.9,15.1,3.7,Grape
122.8,3.3,26.4,2.0,Banana
123.3,3.8,20.0,2.9,Banana
248.1,10.5,15.6,4.9,Mango
5.3,1.1,18.8,3.1,Grape
103.7,3.9,26.5,2.3,Banana
142.2,8.5,12.8,6.5,Orange
134.7,8.2,10.4,7.9,Orange
235.2,12.0,18.1,4.3,Mango
163.0,11.0,14.1,3.1,Mango
175.3,8.0,15.0,4.4,Mango
159.8,7.9,9.7,8.4,Orange
3.9,1.8,18.9,2.5,Grape
177.3,11.8,14.9,4.3,Mango
5.7,1.9,19.8,3.5,Grape
6.0,1.4,19.5,2.5,Grape
3.6,1.9,18.6,3.1,Grape
163.1,8.9,9.7,8.6,Orange
3.5,1.5,17.7,2.0,Grape
3.4,1.0,19.6,3.2,Grape
130.1,7.9,13.6,4.7,Apple
140.0,7.7,10.4,5.7,Apple
4.8,1.4,19.9,2.3,Grape
3.2,1.4,17.4,3.2,Grape
219.5,11.4,18.7,3.1,Mango
160.5,9.0,19.9,3.4,Mango
179.2,8.1,9.0,7.0,Orange
111.4,4.3,20.6,4.5,Banana
105.9,3.2,24.0,4.1,Banana
122.9,3.1,24.7,4.9,Banana
5.1,1.0,19.7,2.1,Grape
165.5,8.3,14.3,6.4,Apple
198.4,10.6,17.3,4.8,Mango
109.2,3.1,21.1,3.3,Banana
92.4,3.4,21.1,4.6,Banana
103.2,3.7,25.2,4.6,Banana
5.0,1.5,17.8,3.4,Grape
6.0,2.0,18.3,2.4,Grape
172.1,9.7,15.2,5.5,Mango
173.4,8.1,14.5,5.3,Apple
181.5,8.5,11.0,7.6,Orange
207.9,9.8,18.4,4.5,Mango
113.9,4.2,24.6,5.0,Banana
126.5,3.3,24.4,3.9,Banana
136.6,8.1,15.5,4.5,Apple
156.1,8.0,10.7,6.2,Orange
142.4,8.3,12.7,5.5,Apple
163.1,7.1,13.9,4.9,Apple
148.1,8.3,10.3,8.3,Orange
197.9,7.9,9.9,6.2,Orange
108.0,4.0,21.0,3.3,Banana
244.9,9.0,16.2,4.1,Mango
223.6,10.7,16.8,5.5,Mango
161.2,8.7,11.2,7.6,Orange
148.9,7.1,11.1,8.8,Orange
4.9,1.2,15.9,2.2,Grape
155.4,7.1,10.9,7.0,Apple
150.5,11.8,17.8,5.6,Mango
198.9,10.7,14.8,3.1,Mango
3.4,1.9,18.7,2.3,Grape
3.3,1.7,17.2,3.7,Grape
