Cus_ID,Sex,Age,Income,Rating
301264,F,49,303051,1
301358,M,35,303267,59
301398,M,46,305486,39
301305,F,53,309435,74
301413,M,35,338102,23
301333,M,29,349115,29
301394,F,52,351934,34
301253,F,56,355609,39
301376,F,29,361476,23
301357,M,46,365953,86
301385,F,51,366234,73
301371,M,25,370640,69
301414,F,42,374460,79
301308,F,20,378781,72
301283,M,43,400235,80
301350,M,55,408940,96
301249,M,44,418834,91
301302,F,46,444356,57
301361,F,52,457164,77
301229,M,46,458823,5
301293,M,51,476615,49
301281,M,36,483062,47
301294,F,23,487628,14
301269,M,19,489407,63
301326,F,59,491232,63
301372,M,24,496582,95
301405,F,48,497775,65
301303,M,20,503861,75
301418,M,57,513945,75
301275,F,45,522866,58
301254,M,23,527897,67
301263,F,49,551451,39
301342,M,20,551492,66
301325,F,47,571967,27
301252,F,20,584821,19
301319,M,18,588790,50
301347,F,28,631593,33
301304,M,37,655612,12
301232,M,49,667654,38
301353,M,52,685777,85
301374,F,34,700573,3
301296,F,28,706716,31
301388,F,50,709995,45
301396,M,45,725523,95
301219,M,49,745101,17
301306,M,36,747556,96
301244,F,45,748982,31
301270,F,20,749395,25
301260,M,59,761243,92
301390,M,50,766152,4
301344,F,41,791072,56
301231,M,30,798863,37
301346,M,41,804999,5
301365,M,50,816771,1
301291,M,41,829525,18
301364,M,53,831831,99
301412,M,20,833636,47
301362,F,33,835626,33
301338,M,58,836226,82
301297,M,33,841252,1
301332,F,18,918992,92
301381,F,55,934736,83
301356,M,42,938873,89
301248,F,18,949150,39
301323,F,40,950419,100
301236,F,19,964076,86
301247,F,50,966326,54
301379,M,47,975510,74
301366,M,21,991095,21
301334,F,22,1021747,13
301286,M,49,1050201,36
301313,F,58,1064121,92
301407,M,50,1087494,5
301235,F,45,1097079,65
301287,F,21,1103328,99
301351,M,57,1124926,49
301367,M,50,1133727,55
301397,M,47,1140530,72
301369,M,38,1169474,92
301400,M,52,1173332,34
301324,F,48,1187225,64
301411,M,50,1189465,17
301320,F,28,1190617,28
301380,M,55,1198320,74
301271,M,54,1249597,56
301268,F,56,1271525,62
301255,F,25,1274165,45
301246,F,56,1296161,61
301266,M,58,1304646,77
301257,M,26,1325715,92
301401,F,58,1339458,54
301288,F,28,1343233,19
301340,M,36,1352576,47
301221,M,49,1352590,46
301222,M,21,1366646,13
301292,F,22,1368632,47
301256,M,44,1379600,13
301345,F,50,1386880,30
301330,M,43,1400567,84
301224,F,54,1405534,42
301317,F,35,1407677,58
301276,M,40,1435248,44
301409,M,49,1438356,94
301274,F,19,1443052,6
301368,F,31,1462928,6
301315,F,57,1469748,90
301245,F,42,1472622,19
301399,M,23,1487983,26
301335,M,54,1497719,46
301410,M,40,1501193,57
301378,F,39,1515856,37
301227,M,32,1524665,27
301384,M,44,1526607,78
301272,F,34,1560386,33
301242,F,47,1586125,36
301238,M,23,1597286,71
301352,M,37,1614093,11
301327,F,52,1652695,17
301377,M,39,1655531,53
301278,M,49,1693470,32
301341,F,33,1704330,25
301321,F,45,1708836,92
301415,F,59,1713354,85
301280,M,18,1723286,61
301258,M,54,1738533,58
301230,M,53,1741578,29
301375,M,50,1774271,53
301234,M,39,1792785,8
301316,F,56,1804544,8
301243,F,28,1832875,70
301318,M,57,1844548,60
301343,M,37,1848098,10
301225,M,40,1883593,9
301382,F,25,1887261,17
301329,F,33,1889228,33
301386,M,38,1912818,1
301322,F,42,1941249,41
301277,M,54,1946711,45
301408,F,38,1956940,94
301267,F,29,1960099,92
301354,M,42,1973250,26
301298,F,50,1986293,54
301250,M,30,1999005,74
301290,F,55,2011741,57
301314,F,50,2039183,36
301307,F,43,2048014,16
301265,F,41,2052683,3
301251,F,58,2054236,90
301336,F,49,2063211,35
301395,M,34,2068831,92
301393,F,21,2073832,32
301416,F,48,2076203,14
301226,M,56,2103649,50
301403,M,41,2109891,50
301223,M,47,2170785,40
301285,F,23,2201625,75
301301,M,33,2204050,87
301240,M,45,2205324,45
301360,M,19,2224596,49
301355,M,52,2229305,63
301262,F,32,2285588,61
301391,M,22,2290546,62
301373,M,20,2300991,5
301392,F,36,2303019,65
301383,F,44,2307635,85
301337,F,26,2338449,6
301348,F,25,2355723,65
301261,F,41,2358852,72
301328,M,24,2406692,73
301279,M,50,2425403,45
301220,F,56,2433783,7
301300,F,23,2464367,16
301273,M,19,2470675,38
301359,F,35,2479897,27
301370,M,37,2483151,81
301363,F,58,2528636,98
301349,F,53,2548988,18
301310,F,37,2557348,24
301289,F,34,2574399,20
301387,M,47,2575504,51
301417,M,20,2576360,66
301259,M,50,2581230,20
301331,F,19,2585903,77
301309,F,36,2588627,76
301389,F,45,2592156,77
301228,F,60,2594544,66
301237,F,59,2617115,17
301402,M,54,2617336,3
301239,F,45,2618136,89
301311,F,49,2623659,28
301233,F,24,2632514,83
301299,M,26,2649916,3
301241,F,37,2661664,4
301406,M,52,2686488,54
301312,F,24,2703215,8
301404,M,46,2719862,12
301339,F,52,2750976,69
301295,F,39,2770784,15
301284,F,49,2775648,85
301282,M,19,2791518,21
